protein_id	source_fasta	length	CPF_44_motif_count	CPF_44_motif_start	CPF_44_motif_sequence	CPF_Cterminal_ASA	CPFL_Cterminal_HSA_or_ASA	last_10aa	weird_characters
Aga_CPF1	CPF.fasta	238	0	NA	NA	yes	yes	YEDAHAHYAW	
Aga_CPF2	CPF.fasta	295	0	NA	NA	yes	yes	YEDAHAHYAW	
Aga_CPF3	CPF.fasta	137	0	NA	NA	yes	yes	SNGLGINYAW	
Aga_CPF4	CPF.fasta	178	0	NA	NA	yes	yes	FAGLGASYAW	
Asi_CPF1	CPF.fasta	219	0	NA	NA	yes	yes	YEDAHAHYAW	
Bmo_CPF	CPF.fasta	145	0	NA	NA	yes	yes	TNGLGFAYGW	
Dan_CPF1	CPF.fasta	173	0	NA	NA	yes	yes	FDGFGTHYGF	
Dan_CPF2	CPF.fasta	284	0	NA	NA	yes	yes	FDGFGTHWGF	
Dan_CPF3	CPF.fasta	198	0	NA	NA	yes	yes	FDGFGSHWGY	
Dgr_CPF1	CPF.fasta	160	0	NA	NA	yes	yes	FDGFGTHYGF	
Dgr_CPF2	CPF.fasta	269	0	NA	NA	yes	yes	FDGFGTHWGF	
Dgr_CPF3	CPF.fasta	204	0	NA	NA	yes	yes	FDGFGSHWGY	
Dme_CG7548	CPF.fasta	175	0	NA	NA	yes	yes	FDGFGTHYGF	
Dme_CG8541	CPF.fasta	257	0	NA	NA	yes	yes	FDGFGTHWGF	
Dme_CG8543	CPF.fasta	200	0	NA	NA	yes	yes	FDGFGSHWGY	
Dmo_CPF1	CPF.fasta	141	0	NA	NA	yes	yes	FDGFGTHWGY	
Dmo_CPF2	CPF.fasta	236	0	NA	NA	yes	yes	FDGFGTHWGF	
Dmo_CPF3	CPF.fasta	179	0	NA	NA	yes	yes	FDGFGSHWGY	
Dps_CPF1	CPF.fasta	181	0	NA	NA	yes	yes	FDGFGTHWGF	
Dps_CPF2	CPF.fasta	237	0	NA	NA	yes	yes	FDGFGTHWGF	
Dps_CPF3	CPF.fasta	201	0	NA	NA	yes	yes	FDGFGSHWGY	
Dvi_CPF1	CPF.fasta	135	0	NA	NA	yes	yes	FDGFGTHWGY	
Dvi_CPF2	CPF.fasta	240	0	NA	NA	yes	yes	FDGFGTHWGF	
Dvi_CPF3	CPF.fasta	156	0	NA	NA	yes	yes	FDGFGSHWGY	
Dwi_CPF1	CPF.fasta	146	0	NA	NA	yes	yes	FDGFGTHWGY	
Dwi_CPF2	CPF.fasta	252	0	NA	NA	yes	yes	FDGFGTHWGF	
Dwi_CPF3	CPF.fasta	195	0	NA	NA	yes	yes	FDGFGSHWGY	
Foc_CPF1	CPF.fasta	341	0	NA	NA	yes	yes	YTSGPITYAY	
Foc_CPF2	CPF.fasta	251	0	NA	NA	yes	yes	YTSGPIAYAY	
Foc_CPF3	CPF.fasta	176	0	NA	NA	yes	yes	YSSGPITYAY	
Foc_CPF4	CPF.fasta	345	0	NA	NA	no	no	LLLQSSYLNY	
Nlu_CPF3a	CPF.fasta	149	0	NA	NA	yes	yes	SNGLGINYAW	
Nlu_CPF3b	CPF.fasta	216	0	NA	NA	no	no	FDGFGAHYVY	
Aga_CPFL1	CPFL.fasta	251	0	NA	NA	yes	yes	YADNAAHYAW	
Aga_CPFL2	CPFL.fasta	229	0	NA	NA	no	yes	AYGGYGAHGW	
Aga_CPFL3	CPFL.fasta	240	0	NA	NA	no	yes	AYGGYGAHGW	
Aga_CPFL4	CPFL.fasta	196	0	NA	NA	no	yes	AYGGYGAHGW	
Aga_CPFL5	CPFL.fasta	196	0	NA	NA	no	yes	AYGGYGAHGW	
Aga_CPFL6	CPFL.fasta	196	0	NA	NA	no	yes	AYGGYGAHGW	
Aga_CPFL7	CPFL.fasta	229	0	NA	NA	no	yes	AYGGYGAHGW	
Bmo_CPFL1	CPFL.fasta	258	0	NA	NA	no	yes	GLPHGLAHGW	
Bmo_CPFL2	CPFL.fasta	252	0	NA	NA	yes	yes	FNGHGASYSW	
Bmo_CPFL3	CPFL.fasta	237	0	NA	NA	yes	yes	YSGLSGHYGW	
Bmo_CPFL4	CPFL.fasta	305	0	NA	NA	yes	yes	FSGHGATYGW	
Cfe_Unigene10721-CPFL	CPFL.fasta	103	0	NA	NA	no	yes	AGYGYGAHGW	
Cfe_Unigene13963-CPFL	CPFL.fasta	172	0	NA	NA	no	yes	AAHVPSIHAW	
Cfe_Unigene15011-CPFL	CPFL.fasta	106	0	NA	NA	no	yes	GYGYSLGHGW	
Lmi_CPFL2	CPFL.fasta	104	0	NA	NA	no	no	PAACPGYPFC	
