protein_id	protein_name	species_code	species_name	current_family	CPF_score	CPF_evalue	CPF_confident	classifier_prediction	confidence	status	feature_validation	length	CPF_44_motif_count	CPF_44_motif_start	CPF_44_motif_sequence	CPF_Cterminal_ASA	CPFL_Cterminal_HSA_or_ASA	last_10aa	weird_characters
Aga_CPF1	CPF1	Aga	Anopheles gambiae	CPF	143.7	9.7e-43	yes	CPF	high	confirmed	Cterminal_support_only	238	0	NA	NA	yes	yes	YEDAHAHYAW	
Aga_CPF2	CPF2	Aga	Anopheles gambiae	CPF	145.8	2.2e-43	yes	CPF	high	confirmed	Cterminal_support_only	295	0	NA	NA	yes	yes	YEDAHAHYAW	
Aga_CPF3	CPF3	Aga	Anopheles gambiae	CPF	129.0	3.2e-38	yes	CPF	high	confirmed	Cterminal_support_only	137	0	NA	NA	yes	yes	SNGLGINYAW	
Aga_CPF4	CPF4	Aga	Anopheles gambiae	CPF	113.5	1.8e-33	yes	CPF	high	confirmed	Cterminal_support_only	178	0	NA	NA	yes	yes	FAGLGASYAW	
Asi_CPF1	CPF1	Asi	Anopheles sinensis	CPF	133.4	1.5e-39	yes	CPF	high	confirmed	Cterminal_support_only	219	0	NA	NA	yes	yes	YEDAHAHYAW	
Bmo_CPF	CPF	Bmo	Bombyx mori	CPF	104.3	1.2e-30	yes	CPF	high	confirmed	Cterminal_support_only	145	0	NA	NA	yes	yes	TNGLGFAYGW	
Dan_CPF1	CPF1	Dan	Drosophila ananassae	CPF	178.5	2.1e-53	yes	CPF	high	confirmed	Cterminal_support_only	173	0	NA	NA	yes	yes	FDGFGTHYGF	
Dan_CPF2	CPF2	Dan	Drosophila ananassae	CPF	200.4	3.9e-60	yes	CPF	high	confirmed	Cterminal_support_only	284	0	NA	NA	yes	yes	FDGFGTHWGF	
Dan_CPF3	CPF3	Dan	Drosophila ananassae	CPF	181.3	3e-54	yes	CPF	high	confirmed	Cterminal_support_only	198	0	NA	NA	yes	yes	FDGFGSHWGY	
Dgr_CPF1	CPF1	Dgr	Drosophila grimshawi	CPF	174.3	4e-52	yes	CPF	high	confirmed	Cterminal_support_only	160	0	NA	NA	yes	yes	FDGFGTHYGF	
Dgr_CPF2	CPF2	Dgr	Drosophila grimshawi	CPF	198.2	1.9e-59	yes	CPF	high	confirmed	Cterminal_support_only	269	0	NA	NA	yes	yes	FDGFGTHWGF	
Dgr_CPF3	CPF3	Dgr	Drosophila grimshawi	CPF	175.1	2.3e-52	yes	CPF	high	confirmed	Cterminal_support_only	204	0	NA	NA	yes	yes	FDGFGSHWGY	
Dme_CG7548	CG7548	Dme	Drosophila melanogaster	CPF	180.2	6.2e-54	yes	CPF	high	confirmed	Cterminal_support_only	175	0	NA	NA	yes	yes	FDGFGTHYGF	
Dme_CG8541	CG8541	Dme	Drosophila melanogaster	CPF	185.9	1.1e-55	yes	CPF	high	confirmed	Cterminal_support_only	257	0	NA	NA	yes	yes	FDGFGTHWGF	
Dme_CG8543	CG8543	Dme	Drosophila melanogaster	CPF	190.4	4.7e-57	yes	CPF	high	confirmed	Cterminal_support_only	200	0	NA	NA	yes	yes	FDGFGSHWGY	
Dmo_CPF1	CPF1	Dmo	Drosophila mojavensis	CPF	168.1	3.2e-50	yes	CPF	high	confirmed	Cterminal_support_only	141	0	NA	NA	yes	yes	FDGFGTHWGY	
Dmo_CPF2	CPF2	Dmo	Drosophila mojavensis	CPF	180.1	7e-54	yes	CPF	high	confirmed	Cterminal_support_only	236	0	NA	NA	yes	yes	FDGFGTHWGF	
Dmo_CPF3	CPF3	Dmo	Drosophila mojavensis	CPF	172.4	1.6e-51	yes	CPF	high	confirmed	Cterminal_support_only	179	0	NA	NA	yes	yes	FDGFGSHWGY	
Dps_CPF1	CPF1	Dps	Drosophila pseudoobscura	CPF	182.7	1e-54	yes	CPF	high	confirmed	Cterminal_support_only	181	0	NA	NA	yes	yes	FDGFGTHWGF	
Dps_CPF2	CPF2	Dps	Drosophila pseudoobscura	CPF	184.5	3e-55	yes	CPF	high	confirmed	Cterminal_support_only	237	0	NA	NA	yes	yes	FDGFGTHWGF	
Dps_CPF3	CPF3	Dps	Drosophila pseudoobscura	CPF	184.7	2.5e-55	yes	CPF	high	confirmed	Cterminal_support_only	201	0	NA	NA	yes	yes	FDGFGSHWGY	
Dvi_CPF1	CPF1	Dvi	Drosophila virilis	CPF	165.6	1.9e-49	yes	CPF	high	confirmed	Cterminal_support_only	135	0	NA	NA	yes	yes	FDGFGTHWGY	
Dvi_CPF2	CPF2	Dvi	Drosophila virilis	CPF	179.5	1e-53	yes	CPF	high	confirmed	Cterminal_support_only	240	0	NA	NA	yes	yes	FDGFGTHWGF	
Dvi_CPF3	CPF3	Dvi	Drosophila virilis	CPF	164.0	5.9e-49	yes	CPF	high	confirmed	Cterminal_support_only	156	0	NA	NA	yes	yes	FDGFGSHWGY	
Dwi_CPF1	CPF1	Dwi	Drosophila willistoni	CPF	164.8	3.3e-49	yes	CPF	high	confirmed	Cterminal_support_only	146	0	NA	NA	yes	yes	FDGFGTHWGY	
Dwi_CPF2	CPF2	Dwi	Drosophila willistoni	CPF	196.3	7.1e-59	yes	CPF	high	confirmed	Cterminal_support_only	252	0	NA	NA	yes	yes	FDGFGTHWGF	
Dwi_CPF3	CPF3	Dwi	Drosophila willistoni	CPF	181.0	3.6e-54	yes	CPF	high	confirmed	Cterminal_support_only	195	0	NA	NA	yes	yes	FDGFGSHWGY	
Foc_CPF1	CPF1	Foc	Frankliniella occidentalis	CPF	141.4	5.1e-42	yes	CPF	high	confirmed	Cterminal_support_only	341	0	NA	NA	yes	yes	YTSGPITYAY	
Foc_CPF2	CPF2	Foc	Frankliniella occidentalis	CPF	179.9	7.5e-54	yes	CPF	high	confirmed	Cterminal_support_only	251	0	NA	NA	yes	yes	YTSGPIAYAY	
Foc_CPF3	CPF3	Foc	Frankliniella occidentalis	CPF	129.1	2.9e-38	yes	CPF	high	confirmed	Cterminal_support_only	176	0	NA	NA	yes	yes	YSSGPITYAY	
Foc_CPF4	CPF4	Foc	Frankliniella occidentalis	CPF	91.9	7.6e-27	yes	CPF	high	confirmed	no_CPF_feature_support	345	0	NA	NA	no	no	LLLQSSYLNY	
Nlu_CPF3a	CPF3a	Nlu	Nilaparvata lugens	CPF	117.0	1.5e-34	yes	CPF	high	confirmed	Cterminal_support_only	149	0	NA	NA	yes	yes	SNGLGINYAW	
Nlu_CPF3b	CPF3b	Nlu	Nilaparvata lugens	CPF	137.6	7.4e-41	yes	CPF	high	confirmed	no_CPF_feature_support	216	0	NA	NA	no	no	FDGFGAHYVY	
